add,807
find,807
add,73
add,930
add,544
add,923
add,440
add,492
find,492
add,987
add,327
find,327
add,840
find,840
add,303
add,709
add,560
add,99
add,816
add,97
add,512
find,512
add,810
add,979
add,579
add,967
add,393
add,485
find,485
add,228
add,194
add,1
add,708
add,668
find,668
add,124
add,530
find,530
add,722
add,549
add,801
add,977
find,977
find,228
add,933
add,981
add,13
add,814
add,536
add,669
add,94
find,94
add,501
add,195
add,404
add,298
add,123
add,882
add,566
add,337
add,144
add,897
add,828
find,828
add,358
add,397
add,904
add,231
add,175
find,298
add,142
add,968
find,968
add,260
add,594
add,395
add,113
add,6
add,942
add,82
add,767
add,695
find,695
add,671
add,590
add,738
find,738
add,616
add,640
add,335
add,972
add,95
find,95
add,454
add,289
add,905
find,123
add,506
add,770
find,770
find,94
add,220
find,220
add,366
add,226
add,363
find,363
add,844
add,550
find,550
add,623
add,385
add,272
add,247
add,496
find,623
add,420
find,968
add,735
add,625
add,42
add,679
add,244
add,818
add,692
add,991
find,669
find,397
add,553
add,825
add,662
add,808
add,761
find,761
find,335
add,868
add,776
add,439
add,331
find,331
add,301
find,560
find,94
add,984
add,789
add,15
add,769
add,455
find,506
add,963
add,676
find,676
add,249
find,844
add,638
add,997
add,849
add,731
add,14
add,775
find,775
add,180
add,223
find,260
add,737
add,317
add,200
add,564
add,648
find,550
add,150
find,150
add,412
find,412
add,797
add,381
find,381
add,65
add,699
add,129
add,483
add,607
add,322
add,176
add,224
find,366
add,400
add,370
add,16
find,16
add,155
add,557
add,178
add,357
find,357
add,878
add,819
add,133
add,720
add,633
add,31
add,589
add,877
find,358
find,200
add,254
find,254
add,915
add,480
add,955
add,107
add,0
add,35
find,113
add,114
add,360
add,418
add,585
find,15
add,563
find,563
add,917
add,419
add,747
find,395
find,303
add,473
add,748
find,748
add,658
add,406
add,824
add,973
find,897
add,920
find,920
find,231
find,480
add,203
find,203
add,520
add,258
find,676
add,950
add,780
add,832
find,549
add,542
add,771
add,879
add,970
add,723
find,723
add,971
add,318
add,299
find,299
add,621
find,124
find,244
add,958
find,771
add,64
find,64
add,598
add,940
add,551
add,205
find,418
add,274
add,413
add,25
add,783
add,117
find,117
find,550
add,324
find,324
add,257
add,690
find,690
add,410
find,553
add,565
add,742
add,352
add,141
find,200
add,799
add,171
add,414
add,641
add,348
find,348
add,315
add,445
find,220
add,911
find,911
add,54
find,54
add,929
add,189
add,356
add,860
add,592
add,116
add,867
add,939
add,901
find,616
add,891
add,728
find,728
add,661
find,661
add,120
add,158
add,627
add,711
find,711
find,594
add,533
add,827
add,531
add,516
add,515
add,601
find,661
add,103
find,103
add,108
add,281
add,710
find,710
find,905
find,973
add,781
find,781
add,791
add,865
find,536
find,728
add,125
add,167
add,476
add,576
add,467
add,384
add,210
add,211
add,518
add,934
find,767
add,689
find,14
find,825
add,918
find,918
add,29
add,727
add,754
add,396
add,83
find,865
add,11
find,64
add,876
find,876
add,675
find,710
add,415
find,710
find,747
add,37
add,447
find,447
add,693
find,129
add,164
find,501
add,525
find,525
find,958
add,33
add,89
add,217
add,38
add,338
add,321
find,496
find,247
add,788
find,987
find,35
add,235
add,684
add,784
add,667
add,615
add,976
find,825
find,819
add,631
add,698
add,639
find,639
add,503
add,765
find,765
find,107
add,924
find,924
add,121
find,121
add,106
add,703
add,32
add,654
find,654
find,217
add,900
find,900
add,465
add,622
find,317
find,516
add,48
find,29
add,39
find,39
add,903
find,761
add,752
find,621
find,557
add,996
find,930
add,494
find,494
add,221
add,293
add,232
find,791
add,198
add,856
find,303
find,439
add,914
find,914
add,766
add,921
find,921
find,752
add,86
find,86
find,150
find,410
find,623
find,669
add,605
add,311
add,992
find,699
find,971
find,639
find,370
add,836
add,857
add,328
find,410
add,683
add,489
add,434
find,904
add,26
add,790
add,364
add,884
add,441
add,179
add,537
add,561
find,561
add,165
add,732
find,732
add,854
find,854
add,847
add,462
find,819
find,150
add,377
find,836
find,720
find,299
add,112
add,956
add,152
find,152
find,14
add,44
find,44
find,150
add,101
add,821
find,501
add,245
find,245
add,57
add,928
add,173
find,173
find,669
add,96
add,421
find,518
add,300
add,262
add,263
add,889
find,735
find,415
find,364
find,494
find,963
add,758
add,92
add,714
add,60
find,60
add,368
find,368
find,847
add,196
find,501
add,234
add,571
add,875
find,875
add,871
find,293
add,719
find,719
add,820
add,79
find,410
add,80
add,342
add,382
find,828
find,393
add,575
find,0
add,596
find,370
add,87
add,733
find,733
add,261
find,400
add,380
find,857
add,423
find,423
find,14
add,845
add,509
find,849
add,218
add,55
add,555
add,534
find,321
add,151
add,251
find,783
find,714
add,437
find,698
add,100
add,285
add,284
find,915
add,960
add,140
find,566
find,728
add,562
add,969
find,623
add,278
find,761
add,10
add,978
add,394
find,394
add,656
add,786
find,544
add,739
add,584
find,108
add,514
add,19
find,671
find,370
add,663
add,24
find,854
add,8
find,8
add,552
add,163
find,19
add,379
add,461
find,461
add,353
find,788
find,244
add,880
find,880
add,283
add,236
add,567
find,567
find,939
find,684
add,651
add,266
add,110
find,327
add,773
add,295
add,874
find,231
find,972
add,28
add,70
add,297
add,646
add,111
add,463
find,781
add,951
find,321
add,213
find,213
find,950
add,600
find,600
find,754
find,992
find,194
add,330
add,559
add,779
find,272
add,383
add,153
add,521
find,521
find,818
add,591
find,196
find,120
add,704
find,129
find,144
find,175
add,870
add,599
add,618
add,452
add,800
find,840
add,149
add,583
add,659
add,959
find,959
find,382
find,48
find,54
find,440
find,381
find,770
find,28
find,251
find,544
add,869
find,869
add,469
add,172
find,125
add,219
add,431
add,846
add,670
add,610
find,64
add,524
add,519
find,519
find,562
find,661
add,725
add,949
find,322
find,260
add,93
find,93
add,122
find,366
add,468
find,722
find,639
add,517
find,364
find,178
find,956
find,771
add,341
find,836
find,489
find,728
find,120
add,902
find,616
add,347
add,851
add,811
add,736
find,607
find,633
add,866
find,412
add,925
find,153
find,257
find,733
find,295
add,139
find,139
find,258
add,694
find,694
add,138
find,138
find,875
find,598
add,292
find,562
add,276
find,276
find,646
add,873
add,484
add,119
find,119
find,328
add,859
add,145
find,145
add,127
find,748
find,0
find,370
add,398
add,545
find,300
add,143
find,563
find,783
find,272
find,801
add,9
add,486
find,769
find,531
find,357
find,819
find,486
find,856
find,816
find,254
find,754
find,814
find,615
find,537
add,966
find,966
find,877
add,760
find,760
add,191
add,174
find,174
find,877
find,324
find,784
add,833
add,527
add,429
find,144
find,364
add,451
find,451
find,979
add,134
find,583
find,600
add,259
add,753
find,321
add,225
find,929
find,96
find,553
find,661
add,858
find,963
find,920
add,768
add,526
find,219
find,641
add,204
find,92
find,445
find,370
add,474
find,474
find,176
find,317
add,826
add,344
find,979
find,35
find,129
add,288
find,978
add,617
add,838
find,929
add,926
add,806
find,806
add,255
find,276
add,488
find,819
add,864
add,416
add,491
find,398
find,120
find,748
add,961
find,961
add,18
add,946
add,478
add,63
find,506
add,308
find,679
find,119
add,323
add,392
find,978
add,853
add,271
find,271
find,204
add,962
find,819
find,531
find,35
find,468
find,468
find,610
find,234
add,270
add,265
add,279
find,327
add,687
find,37
find,766
find,534
find,83
find,675
add,184
add,156
add,664
add,886
find,924
add,47
find,330
find,767
add,665
add,682
add,314
add,241
find,591
find,806
find,760
find,960
add,912
add,430
find,200
find,585
find,467
find,484
add,988
find,988
add,686
add,495
add,102
add,183
add,136
find,489
add,578
find,578
find,789
find,722
add,595
add,319
add,721
find,514
add,862
find,862
find,283
add,626
find,801
find,330
add,644
find,258
find,462
add,131
find,131
find,720
find,308
find,24
add,947
add,411
find,0
find,314
add,896
add,645
find,962
add,539
find,539
find,821
add,286
find,286
find,10
find,662
find,173
add,493
find,988
find,571
find,838
find,821
find,891
find,413
find,560
add,957
find,957
add,743
find,768
find,413
find,415
add,636
find,636
find,347
add,369
find,134
find,928
find,143
find,879
add,906
find,807
find,537
find,203
find,421
find,447
add,34
find,416
add,759
find,550
find,183
add,186
add,685
add,922
find,922
add,181
find,251
add,202
find,536
find,454
add,208
find,31
add,830
find,714
find,112
find,136
add,937
find,685
add,919
find,610
add,908
find,908
find,439
find,867
find,119
find,266
add,999
find,515
add,577
find,142
add,980
add,885
add,325
add,994
add,602
find,602
find,480
add,456
find,517
add,881
add,458
find,992
add,160
add,201
add,944
find,555
add,872
find,872
find,322
find,13
find,441
find,781
find,779
find,518
find,160
add,729
find,82
find,364
find,32
add,313
find,328
add,504
find,711
find,881
find,610
find,904
find,551
find,616
find,761
find,864
add,405
find,113
add,943
find,943
add,118
add,188
find,639
add,502
find,70
find,219
add,212
find,212
add,932
find,97
find,859
find,73
find,590
find,819
find,10
find,911
find,15
find,978
find,542
add,45
find,45
find,562
find,8
add,983
find,983
find,709
find,213
find,550
find,951
find,665
find,502
find,617
add,953
add,916
find,916
find,869
add,442
find,515
add,329
find,382
add,264
add,154
add,27
find,259
add,952
add,422
find,786
find,549
find,879
find,198
add,890
find,686
add,443
find,585
find,198
add,587
find,31
find,476
find,461
find,563
add,214
find,832
find,722
add,511
find,871
find,142
find,733
find,553
add,30
find,30
find,704
find,915
add,887
add,681
find,786
add,433
find,659
add,936
add,938
find,526
find,526
add,712
find,621
add,177
find,158
find,54
add,20
find,20
find,727
find,451
find,462
add,332
add,804
find,405
add,907
find,258
find,539
add,343
find,281
add,965
find,605
find,117
find,412
add,624
add,459
add,216
find,216
find,851
find,846
find,922
add,893
add,49
add,649
add,796
add,696
add,250
find,431
add,359
find,265
find,801
add,387
add,948
add,424
find,775
find,903
add,989
find,845
find,143
find,257
find,332
find,261
find,578
add,104
find,31
find,220
find,686
add,630
add,367
find,844
find,317
add,749
add,273
find,416
add,680
find,979
find,957
find,814
add,705
add,307
find,527
add,614
find,308
find,897
add,449
find,29
find,26
find,866
find,398
add,985
find,518
find,853
find,579
find,203
find,383
find,723
find,559
find,221
find,174
find,34
find,675
add,702
find,279
find,915
add,750
add,850
find,948
find,83
find,981
find,847
find,208
add,706
add,306
find,114
add,910
find,358
find,617
find,946
add,304
find,663
add,637
add,734
add,508
find,113
add,280
find,104
add,613
find,962
find,979
find,377
add,269
find,631
find,753
find,633
find,739
find,520
find,194
add,597
find,871
find,958
add,320
find,18
add,401
find,392
find,613
add,580
find,580
find,940
find,594
find,868
find,670
find,463
find,649
find,134
add,425
find,891
add,650
find,10
find,654
find,525
find,901
find,494
find,392
find,34
find,970
add,546
find,121
find,565
find,589
find,971
find,865
find,160
find,110
find,775
add,109
find,323
find,534
find,474
find,414
find,494
find,423
find,875
add,77
find,627
add,222
find,172
add,839
find,839
find,183
add,417
find,890
add,606
add,12
find,938
find,516
find,321
find,684
add,227
find,227
add,460
add,487
add,581
find,194
find,30
find,295
find,258
find,419
find,212
find,443
add,312
add,628
find,926
find,226
add,726
find,981
add,296
add,61
find,377
find,124
add,522
add,52
find,180
find,292
find,151
find,52
find,973
add,677
find,626
find,465
find,261
find,739
find,849
add,7
find,430
add,376
find,581
find,327
find,659
add,497
find,497
find,225
add,829
find,348
find,553
find,879
find,468
find,227
find,424
find,431
add,277
add,500
find,500
find,601
find,930
find,698
find,77
find,549
add,294
add,652
find,577
find,670
find,151
find,224
add,84
find,15
find,219
find,177
find,695
add,895
find,600
find,118
find,117
find,723
find,617
find,754
add,568
find,575
add,913
add,157
add,582
find,962
find,8
find,440
add,305
find,406
find,201
find,719
add,620
find,317
add,135
add,894
find,610
add,831
find,851
find,847
find,451
find,110
find,549
find,447
find,234
find,748
find,223
add,88
find,88
find,932
find,959
add,256
find,702
find,723
find,889
find,819
find,494
find,886
find,107
find,392
find,500
find,946
find,401
add,365
add,756
find,917
find,775
find,695
find,866
find,864
find,491
find,791
find,940
find,756
add,59
find,97
add,309
add,22
add,899
find,899
find,720
find,392
add,148
find,776
find,876
find,833
find,797
add,193
find,8
add,374
find,303
find,630
find,581
find,186
find,725
find,669
find,425
find,158
add,185
find,421
find,114
find,260
add,56
add,53
find,775
find,581
find,555
add,162
find,162
add,745
add,470
find,400
find,263
add,547
find,370
find,201
find,959
find,582
find,579
find,996
find,29
find,501
find,656
find,930
find,581
find,420
add,362
find,45
add,170
find,157
find,93
find,15
find,808
add,861
find,173
find,878
find,86
find,30
find,52
find,26
find,379
find,710
add,432
add,772
add,187
add,608
add,36
find,478
find,123
find,88
add,574
find,596
find,123
add,762
find,846
find,879
find,155
add,674
find,674
find,431
add,657
find,657
find,579
find,194
find,527
find,656
find,36
find,216
find,347
add,813
find,257
find,860
find,557
find,600
find,236
add,513
add,475
find,162
find,266
find,806
find,108
add,507
find,537
find,896
find,55
find,224
add,466
find,833
find,561
find,557
find,571
find,576
find,114
find,914
find,289
find,735
find,859
find,638
find,694
find,460
add,927
add,842
find,121
find,711
find,580
add,612
find,690
find,483
find,545
add,438
find,938
add,764
find,840
find,550
find,118
find,175
find,598
find,274
find,687
find,842
add,588
add,782
find,782
find,734
find,220
add,46
find,620
find,850
add,975
find,342
find,70
find,438
find,142
add,115
find,177
find,734
add,267
find,580
add,390
find,6
find,881
add,43
add,355
find,975
find,620
add,375
find,375
add,197
find,197
find,537
find,595
find,783
find,495
find,176
add,883
find,827
find,151
find,599
find,305
find,951
find,377
find,6
find,790
find,595
find,396
find,661
find,231
find,725
find,606
find,379
find,470
find,24
find,357
find,122
find,53
find,473
find,280
find,503
find,83
find,934
find,582
find,857
find,563
add,41
find,829
find,687
find,786
find,951
find,94
find,622
find,630
find,630
find,154
find,506
find,219
add,717
find,717
find,139
find,913
find,692
find,639
find,144
add,68
find,429
find,865
add,805
find,940
add,287
find,679
find,568
find,363
find,900
find,999
find,447
find,501
find,488
find,205
find,320
find,244
add,572
find,430
find,319
find,969
find,988
add,629
add,132
find,607
find,681
find,562
find,216
add,409
add,548
find,548
find,708
find,813
find,867
add,105
find,654
find,335
find,470
find,163
find,979
find,958
find,39
find,59
add,945
find,748
add,744
find,737
find,491
find,42
add,498
add,4
add,556
find,133
find,210
find,292
find,670
find,270
find,953
find,353
find,328
add,128
find,82
find,771
find,300
find,405
find,455
find,621
find,384
find,934
find,847
find,328
find,488
add,785
find,158
add,774
find,261
find,872
find,924
find,335
add,389
find,389
find,344
add,998
find,998
find,895
find,967
find,383
find,576
find,943
find,836
find,537
add,146
add,757
find,596
find,903
find,381
find,281
find,294
find,788
find,804
add,655
find,983
find,217
find,565
find,293
find,256
find,938
find,851
find,487
add,190
find,832
find,526
find,429
add,707
find,617
find,925
find,638
find,526
find,545
find,357
find,125
find,307
find,879
find,551
find,641
find,959
find,981
find,465
find,325
find,494
find,893
find,64
find,563
find,429
find,501
find,872
find,940
find,53
find,329
find,232
find,280
find,359
find,474
add,40
find,589
find,704
find,18
find,968
find,486
find,266
find,662
find,374
find,698
find,821
find,27
find,415
find,227
add,841
find,158
add,935
find,761
find,761
find,832
find,272
find,219
find,194
add,803
find,803
find,131
find,516
find,304
find,683
find,474
find,113
find,411
find,544
find,708
find,759
find,805
add,672
find,172
add,215
find,513
find,143
find,480
find,509
find,305
find,184
find,49
find,511
add,209
find,209
add,848
find,307
find,760
find,580
find,989
find,63
find,733
find,566
find,585
find,200
find,585
find,442
find,174
add,391
find,893
find,303
find,198
find,363
find,761
find,991
find,177
find,89
find,797
find,829
find,712
add,569
find,569
find,531
find,465
find,711
find,513
find,96
add,50
find,50
find,123
add,888
find,888
find,820
find,816
find,365
find,377
add,372
find,380
add,76
find,41
find,618
find,475
find,919
find,943
add,763
add,58
find,467
find,152
find,551
find,461
find,895
find,617
find,429
find,627
find,991
find,286
find,460
find,456
find,992
find,1
add,239
find,384
find,970
find,513
find,670
find,308
find,985
find,120
find,357
find,245
find,297
find,879
add,199
find,783
find,167
find,419
find,969
add,137
find,799
find,618
find,218
find,805
add,815
find,315
find,129
find,24
find,915
find,966
add,472
find,160
add,778
add,371
find,371
find,445
find,780
find,577
add,558
find,558
find,115
find,608
find,621
find,608
find,945
add,852
find,211
find,10
find,160
add,282
find,282
find,110
find,301
find,860
add,635
find,684
find,6
find,605
find,708
add,777
find,49
add,993
find,416
find,624
add,81
find,985
find,638
find,203
find,507
find,22
find,13
find,295
find,851
find,183
find,698
find,857
find,800
find,356
find,89
find,801
add,499
find,674
find,295
add,528
add,647
find,293
find,520
add,168
find,476
find,524
find,53
find,764
find,487
add,795
find,693
find,806
add,505
add,378
add,230
find,230
find,387
add,632
find,984
find,270
find,553
find,911
add,388
find,938
add,688
find,662
find,158
find,816
find,175
find,977
find,492
find,377
find,29
add,290
add,751
find,521
find,439
add,740
find,777
find,136
add,5
find,684
find,655
find,975
add,159
find,649
find,899
find,172
add,974
find,466
find,742
find,222
add,21
add,834
find,834
find,293
find,417
find,101
find,365
add,248
find,332
find,388
find,765
find,258
add,2
find,719
add,310
find,310
find,992
find,736
find,848
find,8
find,750
find,933
find,319
find,37
find,632
find,694
add,593
find,811
find,905
find,458
add,207
find,207
find,574
find,664
find,907
add,802
find,869
find,439
find,514
find,87
find,595
add,448
find,448
find,313
find,867
find,560
add,253
find,883
find,956
find,368
find,226
find,400
find,322
find,437
find,199
find,571
find,896
find,417
find,341
find,158
add,435
find,435
add,471
find,471
find,107
find,920
find,292
